{
  "CHANGELOG.md": "6dead8120a57aa30d5b3a1753335b8ff",
  "CONTRIBUTING.md": "4d17f3c942e7c93d1577cc4438a231e4",
  "Gemfile": "d75d6c575955d9518eb0915d1848edfc",
  "LICENSE": "3b83ef96387f14655fc854ddc3c6bd57",
  "MAINTAINERS.md": "b40ec4f2c16145af6f723c2c34bb2ff9",
  "NOTICE": "b2e552587e5969886fdd60481e8b0351",
  "README.md": "97dda1897590d286aea449ddea1cda88",
  "README_DEVELOPER.markdown": "220a8b28521b5c5d2ea87c4ddb511165",
  "README_SPECS.markdown": "82bb4c6abbb711f40778b162ec0070c1",
  "RELEASE_PROCESS.markdown": "94b92bc99ac4106ba1a74d5c04e520f9",
  "Rakefile": "cbe37addab182279a2ffda322629710c",
  "appveyor.yml": "4f90ce810ff94e4bbefc4bfaa00e05a3",
  "examples/file_line.pp": "d8126b139dd1dce21ff26910d1c5a245",
  "examples/has_interface_with.pp": "d69d520cf3ff4d0b495480afaca359ef",
  "examples/has_ip_address.pp": "32f42575e49aa66f0f2398a70ae2a9f4",
  "examples/has_ip_network.pp": "bfb8db068c58d77c4dd7ae9697536537",
  "examples/init.pp": "b52fd907330ddbd9c3e070cf39f7b317",
  "lib/facter/facter_dot_d.rb": "9f65108ecd7b8c5ce9c90ab4cd9d45be",
  "lib/facter/package_provider.rb": "12d57e65f9b90c13e7808c347fbdc0b0",
  "lib/facter/pe_version.rb": "245bb8ea121e8a55e1a38668cc480530",
  "lib/facter/puppet_settings.rb": "d86bacf2b962a4744b701868cda31729",
  "lib/facter/root_home.rb": "b384092f0470b9e2177edaf546de2ec1",
  "lib/facter/service_provider.rb": "66cc42526eae631e306b397391f1f01c",
  "lib/facter/util/puppet_settings.rb": "f69007bcc02031cd772fa7f2dffa3c0c",
  "lib/puppet/functions/deprecation.rb": "705115a036e0235840db59cf9f4c17fe",
  "lib/puppet/functions/fact.rb": "5879006198f1f4106acfe13422087d56",
  "lib/puppet/functions/is_a.rb": "5a61d6a34ef45d7a5490455f334ef48a",
  "lib/puppet/functions/is_absolute_path.rb": "0806756fc12b1fc752d1b54e81b15832",
  "lib/puppet/functions/is_array.rb": "4d5c8d6af4e481ebb42f73b6504685c8",
  "lib/puppet/functions/is_bool.rb": "9ae803c605c5ed057508c6501ef1a47f",
  "lib/puppet/functions/is_float.rb": "ebe18dc0096233fcd555423761fc29f2",
  "lib/puppet/functions/is_ip_address.rb": "ab9a1c6172db59cc15023f220853e2f2",
  "lib/puppet/functions/is_ipv4_address.rb": "dec325b5911ce409b16c643697a13822",
  "lib/puppet/functions/is_ipv6_address.rb": "f4864fee72c42bd3e40914768fb10f8e",
  "lib/puppet/functions/is_numeric.rb": "970d785070eaa02bcac3e0589a8d5e7f",
  "lib/puppet/functions/is_string.rb": "5aa459896fda1782f74752a1d324f048",
  "lib/puppet/functions/length.rb": "3320c90f7685178c11937174fcf3119c",
  "lib/puppet/functions/seeded_rand_string.rb": "24e657c88e9b2a4a77a6cf1310758568",
  "lib/puppet/functions/sprintf_hash.rb": "19bee19c55865e3240be3567741ba347",
  "lib/puppet/functions/to_json.rb": "bb6893a3e9eb6c48064c5a3c0bd4a41a",
  "lib/puppet/functions/to_json_pretty.rb": "61ff20121b4c09987eadf3242b6231cf",
  "lib/puppet/functions/to_yaml.rb": "0358dfd97b9a051e15046c6842b327be",
  "lib/puppet/functions/type_of.rb": "4ee9c082047c08b8b1a82bc0bef8fd78",
  "lib/puppet/functions/validate_absolute_path.rb": "556b0e3de450f03d724747d7d3825309",
  "lib/puppet/functions/validate_array.rb": "efe329c6c8f65fce1ae2560fa5751530",
  "lib/puppet/functions/validate_bool.rb": "5516a0f2efb48eeb4460fc713c6f9521",
  "lib/puppet/functions/validate_hash.rb": "ce99bea6e1ee4da1a67b53b3ce06ce96",
  "lib/puppet/functions/validate_integer.rb": "c028b299f194c221002ba442077e9209",
  "lib/puppet/functions/validate_ip_address.rb": "278f3e0ea96b4b31e7b85c13887079b6",
  "lib/puppet/functions/validate_ipv4_address.rb": "bd015492af1f3c4bef7ac780ae1c7e61",
  "lib/puppet/functions/validate_ipv6_address.rb": "5144a327b6850ed5b7fb26fa37113353",
  "lib/puppet/functions/validate_legacy.rb": "789bdef436873b6fcc8205c6d2270e43",
  "lib/puppet/functions/validate_numeric.rb": "2bd2733f44749e0e56940ceaf5d8e2f8",
  "lib/puppet/functions/validate_re.rb": "12c3412a7383b1d258dba5d4307e9464",
  "lib/puppet/functions/validate_slength.rb": "1fc441736085bd0b5c7862f5dc9f839a",
  "lib/puppet/functions/validate_string.rb": "c0fe867d3b5f8fbcaa3641f0f393a669",
  "lib/puppet/parser/functions/abs.rb": "f36ef597641f56b400bf5425f329b52c",
  "lib/puppet/parser/functions/any2array.rb": "bb45c181f51b6cb124de9ab44ff74ae5",
  "lib/puppet/parser/functions/any2bool.rb": "12535df795966eadcf27e05413c691cc",
  "lib/puppet/parser/functions/assert_private.rb": "c61884d43ebdb5ee5a5aa1507165084a",
  "lib/puppet/parser/functions/base64.rb": "5c044321bc37fecd54e06a0ec5a067ba",
  "lib/puppet/parser/functions/basename.rb": "6b0dc955024352c8007d175f900dba36",
  "lib/puppet/parser/functions/bool2num.rb": "0d0a75d743e099eafada405f57ead3ea",
  "lib/puppet/parser/functions/bool2str.rb": "ab45ec6cbcd35194d478c2da0527ab74",
  "lib/puppet/parser/functions/camelcase.rb": "b46cd7766f7f500142fedaae6e81eb47",
  "lib/puppet/parser/functions/capitalize.rb": "45d3ba2d02056b5dd0bc7f69ab046817",
  "lib/puppet/parser/functions/ceiling.rb": "7cc2fba2933190774468035d24778f51",
  "lib/puppet/parser/functions/chomp.rb": "393c7ea2399b531b1528cbbac6948f3c",
  "lib/puppet/parser/functions/chop.rb": "b8d88826795cf13f803f264ce42e1cdf",
  "lib/puppet/parser/functions/clamp.rb": "5c2c8f3f048ed1afd0c34c0eb475b076",
  "lib/puppet/parser/functions/concat.rb": "107cf03fb8343dbf20f69bd4a07a7bb1",
  "lib/puppet/parser/functions/convert_base.rb": "a34a1172f158c4780f6387df082aade0",
  "lib/puppet/parser/functions/count.rb": "b3bcfa1fc10df6f2635c10804cfb567c",
  "lib/puppet/parser/functions/deep_merge.rb": "fae771cff4fc1d6c639bea1672e05c9c",
  "lib/puppet/parser/functions/defined_with_params.rb": "0e2a92b10efb6c502df6a52f35cf7983",
  "lib/puppet/parser/functions/delete.rb": "875f64cf060e00bb6f187875a4bc5e88",
  "lib/puppet/parser/functions/delete_at.rb": "d909ad4779276559cb05b09193b047e0",
  "lib/puppet/parser/functions/delete_regex.rb": "509b6526b9dea21321c6d7a0f2de591a",
  "lib/puppet/parser/functions/delete_undef_values.rb": "e91a8d7d8f11ae819a7a121966e058cf",
  "lib/puppet/parser/functions/delete_values.rb": "7cc9f122bc7ddfb6359146cd68e5f27a",
  "lib/puppet/parser/functions/deprecation.rb": "9f935fec2f9f0d01394292eb6f21bd7d",
  "lib/puppet/parser/functions/difference.rb": "419c1179460a2878d99b577dfb41977d",
  "lib/puppet/parser/functions/dig.rb": "d315de1659a037430fea9623bff323a6",
  "lib/puppet/parser/functions/dig44.rb": "433ae008eed28fa3f99dbdd64926bfd8",
  "lib/puppet/parser/functions/dirname.rb": "eaafc8268d35709f8d460a48e918ee4c",
  "lib/puppet/parser/functions/dos2unix.rb": "ab2f9f280c616be55f58903948e226a2",
  "lib/puppet/parser/functions/downcase.rb": "384d5ad77ac70bd199fcd63fa31ede38",
  "lib/puppet/parser/functions/empty.rb": "455ab7360e7d15f78ff8f359e6da432a",
  "lib/puppet/parser/functions/enclose_ipv6.rb": "89c728eb11f71ed9390664bad9732328",
  "lib/puppet/parser/functions/ensure_packages.rb": "a0b4bdc14613d4b8c396b4e02a1aa33d",
  "lib/puppet/parser/functions/ensure_resource.rb": "2915c77baa0d45531912613dd1cac902",
  "lib/puppet/parser/functions/ensure_resources.rb": "805d56e894c9dcca2595464fa87a7c56",
  "lib/puppet/parser/functions/flatten.rb": "8558874ff069ba6cbaecac47c4836ca9",
  "lib/puppet/parser/functions/floor.rb": "1fdd8c7a0d1350c4e67578209cbfd937",
  "lib/puppet/parser/functions/fqdn_rand_string.rb": "731365381b6a28a196e108329e16c6c2",
  "lib/puppet/parser/functions/fqdn_rotate.rb": "3925369078084f98f9b527d25cc9e4d2",
  "lib/puppet/parser/functions/fqdn_uuid.rb": "adbd60dbcc561c8586567a6e58abec82",
  "lib/puppet/parser/functions/get_module_path.rb": "91b47019658cb4f438a8f96c6e12213b",
  "lib/puppet/parser/functions/getparam.rb": "b8f4a75c6e0d9732c5f937bd35b00923",
  "lib/puppet/parser/functions/getvar.rb": "60ee5451005017bd3234113354f68765",
  "lib/puppet/parser/functions/glob.rb": "f8177554be6da357b0822edaa7eb8d14",
  "lib/puppet/parser/functions/grep.rb": "f8a965a28326f7cde962a13d8273d617",
  "lib/puppet/parser/functions/has_interface_with.rb": "422015811c5b7c0656b83eaea3b8fdcc",
  "lib/puppet/parser/functions/has_ip_address.rb": "fc76c9a87145560f58a4ae9a6d9df444",
  "lib/puppet/parser/functions/has_ip_network.rb": "b1bb1868e6fef95f8ae840d420ab0816",
  "lib/puppet/parser/functions/has_key.rb": "2831eb02496ac82c790e49d4538bd983",
  "lib/puppet/parser/functions/hash.rb": "a986ba1253550e868d61e777dbda0890",
  "lib/puppet/parser/functions/intersection.rb": "6436444eb8585ee71cfd5bd1e0802026",
  "lib/puppet/parser/functions/is_absolute_path.rb": "268600b66670a29690be009d45013d42",
  "lib/puppet/parser/functions/is_array.rb": "0e425e55c8ce9cc5e327d53d114391ba",
  "lib/puppet/parser/functions/is_bool.rb": "4e021a5143c2c98b31344acceda5fbe2",
  "lib/puppet/parser/functions/is_domain_name.rb": "1abf04d1d57de6f7f630045c0efe5e4c",
  "lib/puppet/parser/functions/is_email_address.rb": "d11c644fa1bd73f8e1d36c4f9e67272e",
  "lib/puppet/parser/functions/is_float.rb": "b95a00f15242e3f26a5cf129db7d31e5",
  "lib/puppet/parser/functions/is_function_available.rb": "3bb60da5789493da017f84d48ac46f08",
  "lib/puppet/parser/functions/is_hash.rb": "3f74a7e9b6e47b834c4ad58939c27eab",
  "lib/puppet/parser/functions/is_integer.rb": "e3480725fccac1c7eba28162dc62393d",
  "lib/puppet/parser/functions/is_ip_address.rb": "3616dacf58febcd4944945d3c2647efe",
  "lib/puppet/parser/functions/is_ipv4_address.rb": "7930d25d23d92f0e5cb81f93315cea16",
  "lib/puppet/parser/functions/is_ipv6_address.rb": "c206564af3a738e504afca2284497d3c",
  "lib/puppet/parser/functions/is_mac_address.rb": "b75e440d5594b879b70cf034fc52cd51",
  "lib/puppet/parser/functions/is_numeric.rb": "4bd1a47192ce4040810819789fbf3147",
  "lib/puppet/parser/functions/is_string.rb": "cf06fecd6147bea77d406a189b649f81",
  "lib/puppet/parser/functions/join.rb": "338cfe4797a5b41d34d0dcdceb4cff2f",
  "lib/puppet/parser/functions/join_keys_to_values.rb": "86e4211f195c4c9d92c5e3806789a561",
  "lib/puppet/parser/functions/keys.rb": "1702d1c00a24ca4e9ba6a4f36c4ec808",
  "lib/puppet/parser/functions/load_module_metadata.rb": "4972bafc84e5b7ce4a00cbee21aece18",
  "lib/puppet/parser/functions/loadjson.rb": "442e1250912a44965637782998776ef6",
  "lib/puppet/parser/functions/loadyaml.rb": "8ad8f48f3649b39bdeca825a61d68e9e",
  "lib/puppet/parser/functions/lstrip.rb": "078230c59baa5ebb433d1ddc2ebd808b",
  "lib/puppet/parser/functions/max.rb": "c9acf0c8bd3902ec613844fac4eb0201",
  "lib/puppet/parser/functions/member.rb": "ddd3572cb73353e4cfd95bcea423030b",
  "lib/puppet/parser/functions/merge.rb": "fecd4133ce85334adf93332fdc9f65f1",
  "lib/puppet/parser/functions/min.rb": "9016deb88938647bd52faf8cdea6f83c",
  "lib/puppet/parser/functions/num2bool.rb": "60e725ab19cffcd745a0b904a7a59d6b",
  "lib/puppet/parser/functions/parsejson.rb": "fee0dc33cd6e18b0d9a5fe8befb66cd2",
  "lib/puppet/parser/functions/parseyaml.rb": "f4b67d011970c1799bc6fb36a3caf1f2",
  "lib/puppet/parser/functions/pick.rb": "4a4ba9288a233a4bcdbdc59ecac80be0",
  "lib/puppet/parser/functions/pick_default.rb": "6b0ccac1913a85e540a3de20c6a88096",
  "lib/puppet/parser/functions/prefix.rb": "6912509e79ebdff5f9b4e7d630442157",
  "lib/puppet/parser/functions/private.rb": "a1f44a1c32da00aa14f474f4f303be87",
  "lib/puppet/parser/functions/pry.rb": "970544bf6308b7b6902b936063a45109",
  "lib/puppet/parser/functions/pw_hash.rb": "07fea662493e5b2ffcf37dbb4c4e74b9",
  "lib/puppet/parser/functions/range.rb": "38f7ebcf5a66954f9127756d32291534",
  "lib/puppet/parser/functions/regexpescape.rb": "d7d22f987d616f2b5ec9d967f1528f53",
  "lib/puppet/parser/functions/reject.rb": "9847dac360af182c4880dece7b4bc034",
  "lib/puppet/parser/functions/reverse.rb": "2d1045255bbe50fc6d4cd97ad4a6eec3",
  "lib/puppet/parser/functions/round.rb": "aaf276b15f731cf44da7a69621cd3b96",
  "lib/puppet/parser/functions/rstrip.rb": "1be3bf1eff074c784e980cda2c146683",
  "lib/puppet/parser/functions/seeded_rand.rb": "4f45ef0723411ff8281aaf093f0fabc2",
  "lib/puppet/parser/functions/shell_escape.rb": "6e51793b8483eb6bfc4be98b438fd47e",
  "lib/puppet/parser/functions/shell_join.rb": "4fbe23ff73932f65db696f106517887e",
  "lib/puppet/parser/functions/shell_split.rb": "cb851119ee167ccb12930c53e94333cc",
  "lib/puppet/parser/functions/shuffle.rb": "6b16497151e961fbdb6e00ec70d6bbe9",
  "lib/puppet/parser/functions/size.rb": "e3a0aa89c776b592ed24c1dd27773e33",
  "lib/puppet/parser/functions/sort.rb": "ea24d1e27954b6ee69d30f3fce391b65",
  "lib/puppet/parser/functions/squeeze.rb": "e42e1d5ec9a23443d14ff07512fd695f",
  "lib/puppet/parser/functions/str2bool.rb": "9fac94e3e949b2a4406ac2d22510b06e",
  "lib/puppet/parser/functions/str2saltedsha512.rb": "d4443e8985b4ce6f6e925c6f46d8456c",
  "lib/puppet/parser/functions/strftime.rb": "d17fc58b649eb6b7315752b853cd7f3b",
  "lib/puppet/parser/functions/strip.rb": "011469a450ae484f199c09f55f3ab809",
  "lib/puppet/parser/functions/suffix.rb": "1893244c6bb354a6b1093f65041c643c",
  "lib/puppet/parser/functions/swapcase.rb": "d1a53787b35ae9a5a643c49f4e0975a8",
  "lib/puppet/parser/functions/time.rb": "4a0ec2a06a1361dbf3cd11a07aa57a71",
  "lib/puppet/parser/functions/to_bytes.rb": "55a65ad70ea78983e7c1d6d565094c1f",
  "lib/puppet/parser/functions/try_get_value.rb": "b039b960b07a21b935baf6c78fb94612",
  "lib/puppet/parser/functions/type.rb": "3115a269dc87e6cdb586d6cf4c2b0529",
  "lib/puppet/parser/functions/type3x.rb": "7a72502f0291c66b0e4ce76e33e481c7",
  "lib/puppet/parser/functions/union.rb": "690e5c15a1e7b95ab4b90ee18eb48f81",
  "lib/puppet/parser/functions/unique.rb": "e448da2c183c0e19bd6e64bc423a749f",
  "lib/puppet/parser/functions/unix2dos.rb": "0aa6e66d1c47ca0bb417e248b01f6f1b",
  "lib/puppet/parser/functions/upcase.rb": "55ef15d383673d44a1848833a46cfd11",
  "lib/puppet/parser/functions/uriescape.rb": "f2facfe201658a65a7e81199cdd1bef7",
  "lib/puppet/parser/functions/validate_absolute_path.rb": "892faf0e74b99b11190ec7fc4b78a893",
  "lib/puppet/parser/functions/validate_array.rb": "9518be91bab77e56be711d1498d119b9",
  "lib/puppet/parser/functions/validate_augeas.rb": "c5bbf1bc42b7ea024e48ab12b46f55e9",
  "lib/puppet/parser/functions/validate_bool.rb": "bea67f1a0f5fc23ee8b632000cfa63db",
  "lib/puppet/parser/functions/validate_cmd.rb": "dbb22e68eca3f6be63fb49b465b1d611",
  "lib/puppet/parser/functions/validate_domain_name.rb": "04f4b1d0be9a8a12d278f0b044f78427",
  "lib/puppet/parser/functions/validate_email_address.rb": "6dc01f14c43fdff19106a2388d01b51a",
  "lib/puppet/parser/functions/validate_hash.rb": "80f7cfb430818e1497d3b12769d8f9c4",
  "lib/puppet/parser/functions/validate_integer.rb": "edb176a717c4af6cd50d2d26e4da149d",
  "lib/puppet/parser/functions/validate_ip_address.rb": "55d0f019803d687bf95bcc64e8751ba5",
  "lib/puppet/parser/functions/validate_ipv4_address.rb": "94843b876cc92414b29223f7ac3cc3b6",
  "lib/puppet/parser/functions/validate_ipv6_address.rb": "6c10396f466f64a6f897d1be4291dd4a",
  "lib/puppet/parser/functions/validate_numeric.rb": "092cce5ed9d3a73319c48cdf9a2a822e",
  "lib/puppet/parser/functions/validate_re.rb": "df6a2cc342dad63d008ef257fde9038a",
  "lib/puppet/parser/functions/validate_slength.rb": "b20959e080f36bf320eacb472d125741",
  "lib/puppet/parser/functions/validate_string.rb": "0239e1697134605a6385ff8c9bdc066b",
  "lib/puppet/parser/functions/validate_x509_rsa_key_pair.rb": "b16e5ebaeb497e1639c7bf78d61c2b45",
  "lib/puppet/parser/functions/values.rb": "793ec0d600822461829eda4abcd89f9c",
  "lib/puppet/parser/functions/values_at.rb": "d03bb02de4bf80ecd1846a4e6dc99ce8",
  "lib/puppet/parser/functions/zip.rb": "aef1ee868716d07b01e605ae6c4741cc",
  "lib/puppet/provider/file_line/ruby.rb": "06dd4b2bd0037fcdc8382fcd4214dda3",
  "lib/puppet/type/anchor.rb": "95867e600863019b08990277c4254cac",
  "lib/puppet/type/file_line.rb": "208655541a332e54e2d9abac0e328d33",
  "locales/config.yaml": "d3795b3334faf13674a5d1e3759064ac",
  "locales/ja/puppetlabs-stdlib.po": "805e5d893d2025ad57da8ec0614a6753",
  "locales/puppetlabs-stdlib.pot": "23c892ac0683aef4b09aabe0037750ae",
  "manifests/init.pp": "9560a09f657d7eebbfdb920cefcc1d4f",
  "manifests/stages.pp": "72eb4fa624474faf23b39e57cf1590bd",
  "metadata.json": "402233ab98ad6f041a1d0a9dd1d391a5",
  "readmes/README_ja_JP.md": "61ed2310e7f5477571abe533a2564995",
  "spec/acceptance/abs_spec.rb": "320dc9b8ecf5cc434942db3c76cc44c8",
  "spec/acceptance/anchor_spec.rb": "96b18124a8bd485928ef49ac82072789",
  "spec/acceptance/any2array_spec.rb": "8071bc5d9616d73d29c252ca3f919300",
  "spec/acceptance/base64_spec.rb": "817503716d7df9052ca3730a8d3fa1f5",
  "spec/acceptance/bool2num_spec.rb": "2adb07b2abf9fab7845f8e93d63cfe0e",
  "spec/acceptance/build_csv.rb": "0d4e10040cb934a78c523bebda8a2362",
  "spec/acceptance/capitalize_spec.rb": "3956adeac93418b6702811b83a6e1dd1",
  "spec/acceptance/ceiling_spec.rb": "2e913e0bc8a92eaa92ceaa5ec91f3b54",
  "spec/acceptance/chomp_spec.rb": "8a27b04bf893da4acd02334a03cdc51b",
  "spec/acceptance/chop_spec.rb": "d79ff0a335e2648e468af137560c15f7",
  "spec/acceptance/clamp_spec.rb": "35aa8410bbd283546b3325c90c394521",
  "spec/acceptance/concat_spec.rb": "0432bcd648b43d2b9fe539543cddfadd",
  "spec/acceptance/count_spec.rb": "67c9f9083e980ab397b3d259367ac201",
  "spec/acceptance/deep_merge_spec.rb": "a29b282369d829b04784c2b7035a66b0",
  "spec/acceptance/defined_with_params_spec.rb": "0563530340cb2f802fb44e9840236037",
  "spec/acceptance/delete_at_spec.rb": "a6bae7649fcfe02eaf58660a81660a9d",
  "spec/acceptance/delete_spec.rb": "69ff71ade09add15063a1375b49d7ad9",
  "spec/acceptance/delete_undef_values_spec.rb": "258ca3da1b06afc1e6d8588eed92e8f2",
  "spec/acceptance/delete_values_spec.rb": "3a15a34628df45f6a2f25ebf14e3e4f1",
  "spec/acceptance/deprecation_spec.rb": "3298d3fc62c4f18211add9ed273df85f",
  "spec/acceptance/difference_spec.rb": "e6a0ebbdfffcd374520d40fce11d957b",
  "spec/acceptance/dirname_spec.rb": "84cad3f9b2bb6d7e36fbf8b8df1be77b",
  "spec/acceptance/downcase_spec.rb": "f57a4296899bbd732f1c3ed438601c7f",
  "spec/acceptance/empty_spec.rb": "b89067b0975336683a38bf20a6a1f036",
  "spec/acceptance/ensure_resource_spec.rb": "d09c350ba1d0bf7ff14bacf4f1c8e487",
  "spec/acceptance/flatten_spec.rb": "54da51ee7665de8b56252d20215a3c30",
  "spec/acceptance/floor_spec.rb": "2faea9ed579f7e9f3b045bed2c99fe62",
  "spec/acceptance/fqdn_rand_string_spec.rb": "33d5fa38b5f880157ea69dd25a12a332",
  "spec/acceptance/fqdn_rotate_spec.rb": "c280ce28ba57b9d67a3e3b1a0c14f342",
  "spec/acceptance/get_module_path_spec.rb": "cb34a578c336f8572835520425878d5d",
  "spec/acceptance/getparam_spec.rb": "eaa6149d19c6082d7d6cb7f81c1aa342",
  "spec/acceptance/getvar_spec.rb": "afe43ffe3e071e0c1d18b679f714fdfc",
  "spec/acceptance/grep_spec.rb": "b74c67c94d39a49e9ee395a6c5fc9c9d",
  "spec/acceptance/has_interface_with_spec.rb": "36e2cc57fb3f9044e2b93fa98eb436ab",
  "spec/acceptance/has_ip_address_spec.rb": "da00303c038e758115e96a0fb65ab9c5",
  "spec/acceptance/has_ip_network_spec.rb": "c4991bb6905d4aeba6bab1c9f7cc3fa5",
  "spec/acceptance/has_key_spec.rb": "d4eb28efd599e1eac485bf9f6ca930d3",
  "spec/acceptance/hash_spec.rb": "0736319571163989e4df71dcff017fd1",
  "spec/acceptance/intersection_spec.rb": "8bd80ad4ebf9627add63f257bf0674e4",
  "spec/acceptance/is_a_spec.rb": "ecca7dbb41739ebffcefccc2cb85722d",
  "spec/acceptance/is_array_spec.rb": "b5baf237a47ace8d53c3748c3432f226",
  "spec/acceptance/is_bool_spec.rb": "fa53d0fc3486fc6473184105fad31f2e",
  "spec/acceptance/is_domain_name_spec.rb": "963998fd1d72750dd800c8227fa9354c",
  "spec/acceptance/is_float_spec.rb": "4f4d179d4e4ca3b6f38ccca6bb855a3f",
  "spec/acceptance/is_function_available_spec.rb": "83bb5c733cf1dd2c15fa2f3add9ce61e",
  "spec/acceptance/is_hash_spec.rb": "2bfe3af74c15731b2ab251bbaf386245",
  "spec/acceptance/is_integer_spec.rb": "f68672a767a6216e3502fc08e61f4a01",
  "spec/acceptance/is_ip_address_spec.rb": "680bcb2199c16d346a65c29c6042148c",
  "spec/acceptance/is_ipv4_address_spec.rb": "5bbb9b312267da1a2124558867d0cec3",
  "spec/acceptance/is_ipv6_address_spec.rb": "05e45351f00b3c4fbfc7ec78bb9f93c6",
  "spec/acceptance/is_mac_address_spec.rb": "1971ab98b688992efadf80bd6ff5aedd",
  "spec/acceptance/is_numeric_spec.rb": "a4b6c6d0b4570672f4cf8ecea3324d9f",
  "spec/acceptance/is_string_spec.rb": "1faf6b5fc01a5924077449b3ecf22cbb",
  "spec/acceptance/join_keys_to_values_spec.rb": "d8e6a7575e96e33e44ded6c1ef4d329c",
  "spec/acceptance/join_spec.rb": "a0db319d437e05e97608cea0525d11e2",
  "spec/acceptance/keys_spec.rb": "5712c1b5fdbb268369923d4f3a7e4a5c",
  "spec/acceptance/loadjson_spec.rb": "c4a2bebd9648f8843cd394fc78691cb7",
  "spec/acceptance/loadyaml_spec.rb": "641cee5b4c85bb01033c75bc5cc9678e",
  "spec/acceptance/lstrip_spec.rb": "e1730ce36754f397ce8b75b4fb367e73",
  "spec/acceptance/max_spec.rb": "eecd12858eb839a5a6335e2092b093c4",
  "spec/acceptance/member_spec.rb": "92facc113e77834516361f7e91a6b07a",
  "spec/acceptance/merge_spec.rb": "a2d398f1b407736d576a01a350a7b378",
  "spec/acceptance/min_spec.rb": "4b47af34106bc46990b72479b760a06f",
  "spec/acceptance/nodesets/centos-7-x64.yml": "a713f3abd3657f0ae2878829badd23cd",
  "spec/acceptance/nodesets/debian-8-x64.yml": "d2d2977900989f30086ad251a14a1f39",
  "spec/acceptance/nodesets/default.yml": "b42da5a1ea0c964567ba7495574b8808",
  "spec/acceptance/nodesets/docker/centos-7.yml": "8a3892807bdd62306ae4774f41ba11ae",
  "spec/acceptance/nodesets/docker/debian-8.yml": "ac8e871d1068c96de5e85a89daaec6df",
  "spec/acceptance/nodesets/docker/ubuntu-14.04.yml": "dc42ee922a96908d85b8f0f08203ce58",
  "spec/acceptance/num2bool_spec.rb": "a1c7ae1ae573238474264f512ceac029",
  "spec/acceptance/parsejson_spec.rb": "703943409a4942e143a9ee64428137d2",
  "spec/acceptance/parseyaml_spec.rb": "4c423fec2126c06d73b680ccedb2d92a",
  "spec/acceptance/pick_default_spec.rb": "74ef7cc0cff5613e2f5bb51860cc78f5",
  "spec/acceptance/pick_spec.rb": "883435ee18338b44d8a809df948f013a",
  "spec/acceptance/prefix_spec.rb": "6e3763b5c18208441b21d2f6eae24339",
  "spec/acceptance/pw_hash_spec.rb": "14bbe22f9eb59c4010abd33db766b2ab",
  "spec/acceptance/range_spec.rb": "d875cff37547b97946bebb726918c9d6",
  "spec/acceptance/reject_spec.rb": "844ab5a15688cf0d4777f78f1ba94513",
  "spec/acceptance/reverse_spec.rb": "3b1bb403962eedbdbc86f02c396bada0",
  "spec/acceptance/rstrip_spec.rb": "4497598e178e70e906311ed45dcc9a26",
  "spec/acceptance/shuffle_spec.rb": "c3541f8e2612d38aa11cb848ba5c2fd6",
  "spec/acceptance/size_spec.rb": "c74418e929f607652e8c3b973a12d17a",
  "spec/acceptance/sort_spec.rb": "828bc21cb73e63676cb19d66b64f9e47",
  "spec/acceptance/squeeze_spec.rb": "1f6dd45cab59278b021a3c8ee931a988",
  "spec/acceptance/str2bool_spec.rb": "875a523687b93ab94169ca06b02d8fc2",
  "spec/acceptance/str2saltedsha512_spec.rb": "d7552194362956fd86e7be11c49d75e9",
  "spec/acceptance/strftime_spec.rb": "009ef42851b32aa797cdea874bf9e3cc",
  "spec/acceptance/strip_spec.rb": "8e7d9e5b028c831f9982b77eed7d4961",
  "spec/acceptance/suffix_spec.rb": "3fc89836a92965f8093187554099bc5a",
  "spec/acceptance/swapcase_spec.rb": "9b90e7d7d441e998a7946fb33a7d9edd",
  "spec/acceptance/time_spec.rb": "b262929e40fb53bbaabca8fda696c5b3",
  "spec/acceptance/to_bytes_spec.rb": "0907f39eb1815eb766e18d458a44a967",
  "spec/acceptance/try_get_value_spec.rb": "2dfffd91ac418d5429b32ddb4cdb236c",
  "spec/acceptance/type3x_spec.rb": "fa30d2d82906b774d69109ad08f963b4",
  "spec/acceptance/type_spec.rb": "1d55a0ad8635c239a33a1d107bda5404",
  "spec/acceptance/union_spec.rb": "7fc2a6f6b6c4c2abb625926cd9013cca",
  "spec/acceptance/unique_spec.rb": "66bf8230e4a8a9ae15a8d2850ceb281b",
  "spec/acceptance/upcase_spec.rb": "e5975b83f4ada72bcdbae15d872596aa",
  "spec/acceptance/uriescape_spec.rb": "29ce7eea67a8b400c2f2f6d9e63390f6",
  "spec/acceptance/validate_absolute_path_spec.rb": "96150e35fd107582636420289240a1e9",
  "spec/acceptance/validate_array_spec.rb": "50273b0f02c5c45d52386d501f025712",
  "spec/acceptance/validate_augeas_spec.rb": "006d3658397e85dd497d7c612cbb3ae5",
  "spec/acceptance/validate_bool_spec.rb": "448cc97e9b277cea82a6aa15cb40cc88",
  "spec/acceptance/validate_cmd_spec.rb": "c42681ac8aed0ca83577c0205fec6aa9",
  "spec/acceptance/validate_hash_spec.rb": "e0c2114c7c365a90230335a2e8d9d817",
  "spec/acceptance/validate_ipv4_address_spec.rb": "233a114fc42a9a138902531d8b5b2b50",
  "spec/acceptance/validate_ipv6_address_spec.rb": "215aed228a0c626ee321212534b31264",
  "spec/acceptance/validate_re_spec.rb": "10eb1f29d0cd62dfafef9f99939cbc81",
  "spec/acceptance/validate_slength_spec.rb": "6c82dcb830e1d2cf66b60c425e5aa27b",
  "spec/acceptance/validate_string_spec.rb": "3e4d023775e7b11de5d1deabf4bb4e39",
  "spec/acceptance/values_at_spec.rb": "25ab415d4a3b2bbbf225f1e3410978dc",
  "spec/acceptance/values_spec.rb": "7cd9f430afad102cae1feb5d4a6cc743",
  "spec/acceptance/zip_spec.rb": "fc7b9e42b408d0fe2171b4eabfcfd585",
  "spec/default_facts.yml": "4de3cb611af6981a6d22bc77d7dd6f6f",
  "spec/fixtures/dscacheutil/root": "e1a7622f55f3d1be258c9a5b16b474be",
  "spec/fixtures/lsuser/root": "2ed657fa157372a81634539bb1a56be8",
  "spec/fixtures/test/manifests/base32.pp": "2662eb916f3830689f40decfe8fddae8",
  "spec/fixtures/test/manifests/base64.pp": "935f9c1b4ac741c58b7abd49d3cfb794",
  "spec/fixtures/test/manifests/deftype.pp": "1f2e86fa39604fdfde8fd20b9ae92813",
  "spec/fixtures/test/manifests/ensure_resources.pp": "898c473ba5641313294827f4b4845bd6",
  "spec/functions/abs_spec.rb": "f73010c2a62a37969a6de269797aaae3",
  "spec/functions/any2array_spec.rb": "8ca97ceb68a60ff5c4ade6e6aa7b81df",
  "spec/functions/any2bool_spec.rb": "48b23ce295c256aa14cfeac0501cc3a5",
  "spec/functions/assert_private_spec.rb": "c4f0ced23534a74d6478fbd7477003e7",
  "spec/functions/base64_spec.rb": "5083c40b825f86863cc2950d97d3807b",
  "spec/functions/basename_spec.rb": "beeae06a6fc449d44352031e4a61e900",
  "spec/functions/bool2num_spec.rb": "bb82d4eed099e97c5af545cdce3445d6",
  "spec/functions/bool2str_spec.rb": "286b56a5bab37d4849e10b7f0f9630ed",
  "spec/functions/camelcase_spec.rb": "e4693de9fcd022bc9c798e27bf1c11ae",
  "spec/functions/capitalize_spec.rb": "be58e5ff4956bcca07055d66369021d2",
  "spec/functions/ceiling_spec.rb": "b3a9f9285b217d9eb407981e39a7552f",
  "spec/functions/chomp_spec.rb": "746af6dc903bb7f20ef801a1ab3bc40e",
  "spec/functions/chop_spec.rb": "fc59485a227d36556f88a77e53bcfde4",
  "spec/functions/clamp_spec.rb": "8094bc19ff0fe82dfd0a072b654bf318",
  "spec/functions/concat_spec.rb": "d0c7d862de90dd99eb026b042dbb4450",
  "spec/functions/convert_base_spec.rb": "534bd90106b2c58f736b897974c5a10a",
  "spec/functions/count_spec.rb": "d5990b080447cff101f05d8aeb1e6df6",
  "spec/functions/deep_merge_spec.rb": "134d802b7d39e6523e3a622d2718ec12",
  "spec/functions/defined_with_params_spec.rb": "b24e3fd629b4d52f1abd1b13f715a9a7",
  "spec/functions/delete_at_spec.rb": "beabeeed6bbc7fb67f42867ce198c884",
  "spec/functions/delete_regex_spec.rb": "a8d7e86799af48d7bb88559eb8ad2b3b",
  "spec/functions/delete_spec.rb": "55c1fe68a545cb2b94d3469bcc0f011d",
  "spec/functions/delete_undef_values_spec.rb": "2b4397aa86d41f5e82998ba8d5af9d22",
  "spec/functions/delete_values_spec.rb": "41003ea949782329513763df34861264",
  "spec/functions/deprecation_spec.rb": "58094a18d86c44c6caf4cf29863880aa",
  "spec/functions/difference_spec.rb": "a5d33319d500e4752714ac83bee4d35d",
  "spec/functions/dig44_spec.rb": "2534c3c113eb391e0258d7d888acf0cf",
  "spec/functions/dig_spec.rb": "74f65f4c4f237d9bc122abf5fd862b6b",
  "spec/functions/dirname_spec.rb": "23220e14486056dd9dcce127aa9ada16",
  "spec/functions/dos2unix_spec.rb": "f7f10a39d4d4d42bef7a1bc99d97ea1c",
  "spec/functions/downcase_spec.rb": "f9afb4203c5587ad9082801e02547f98",
  "spec/functions/empty_spec.rb": "5b10598d2782eb25b10e4dd9e186aca0",
  "spec/functions/ensure_packages_spec.rb": "845726ce69bed2a18695f4f693f29f0c",
  "spec/functions/ensure_resource_spec.rb": "a5581f923f178e768b6a4f0a19714533",
  "spec/functions/ensure_resources_spec.rb": "d8e93e55de05ddb1fce5c242ab21b0a7",
  "spec/functions/flatten_spec.rb": "f40671d863548ea6626a79c184cd69fd",
  "spec/functions/floor_spec.rb": "b7eeadfab998dd364cf92e8b13981a8a",
  "spec/functions/fqdn_rand_string_spec.rb": "136cf6e77e02b42d79c0e5766779d5d4",
  "spec/functions/fqdn_rotate_spec.rb": "792ada483512e4d60a3937fd1c8f788f",
  "spec/functions/fqdn_uuid_spec.rb": "60526a453f556867b369496ca1215a86",
  "spec/functions/get_module_path_spec.rb": "623edaf58b85e7030a015cad13f65e10",
  "spec/functions/getparam_spec.rb": "807694642f3ebdfafca4c8f0eca4c062",
  "spec/functions/getvar_spec.rb": "327fc59ca02525d9a6d266957461c32f",
  "spec/functions/glob_spec.rb": "537139a45aa1acfb605aa0cb6b598b73",
  "spec/functions/grep_spec.rb": "c8bd616f1d4940261e8a9f7b05254528",
  "spec/functions/has_interface_with_spec.rb": "d484da75727170eb3ff22bbc71394fd1",
  "spec/functions/has_ip_address_spec.rb": "811d63a9c87a1de43a18d07c8ee5a796",
  "spec/functions/has_ip_network_spec.rb": "9ec0c0c607a60d2dde3a66fc969e4478",
  "spec/functions/has_key_spec.rb": "d4d97da7d35a794e72d1bbc5e0a4838f",
  "spec/functions/hash_spec.rb": "a9d483dfbd3f2d66b457851ff3144b1a",
  "spec/functions/intersection_spec.rb": "72688d38e9301d9e15bae6bb3f7d8568",
  "spec/functions/is_a_spec.rb": "e657f393cc3572883aa2ab872840f4bf",
  "spec/functions/is_array_spec.rb": "aa5f9f75714c267f1ea0463412f24285",
  "spec/functions/is_bool_spec.rb": "46ed9e2d70f68db12799918d88d2d804",
  "spec/functions/is_domain_name_spec.rb": "0e2cf9c9410827484ee3652591757faf",
  "spec/functions/is_email_address_spec.rb": "f3e60f28e9d66d7707a434a8edc79900",
  "spec/functions/is_float_spec.rb": "a89f4bbc747ce7117c6899d8e5e75e83",
  "spec/functions/is_function_available_spec.rb": "0f46d970fca74c87dbcbbaa588b6dc37",
  "spec/functions/is_hash_spec.rb": "cec4b5638ea3f871350a055cee98ea11",
  "spec/functions/is_integer_spec.rb": "aa78c5487a22744feccc74ad1ad7f211",
  "spec/functions/is_ip_address_spec.rb": "c175629e894671b57ed97f76d7ee495c",
  "spec/functions/is_ipv4_address_spec.rb": "c10a82ce2b0987cba45916f442759d8c",
  "spec/functions/is_ipv6_address_spec.rb": "f33842262d74f6fa6ac459f980938ecf",
  "spec/functions/is_mac_address_spec.rb": "80b7d3346f1b4b487f5f88257fe33bc4",
  "spec/functions/is_numeric_spec.rb": "e3e3c3541c794d74ae1775ca5996e47d",
  "spec/functions/is_string_spec.rb": "1b1fd9c63def53fcb519a04952057aa0",
  "spec/functions/join_keys_to_values_spec.rb": "b2bea1d24212e56b3bf42111d285aa33",
  "spec/functions/join_spec.rb": "2c1da15b52b6a9cea55825328f2e0ada",
  "spec/functions/keys_spec.rb": "185acb2eeb716cf93c99cbbd41327224",
  "spec/functions/length_spec.rb": "2f9edfc8fbb4058a267bd00674cad654",
  "spec/functions/load_module_metadata_spec.rb": "fcd21ec96196921526179de3fa5de95d",
  "spec/functions/loadjson_spec.rb": "12019b907452e777eacedb8b974abdae",
  "spec/functions/loadyaml_spec.rb": "c5a08a264c8215f1936a85c4362dd1c9",
  "spec/functions/lstrip_spec.rb": "552c469f04c8de63b6c8cefb0280cba3",
  "spec/functions/max_spec.rb": "e82809c424860b8d94ef8af70abd4891",
  "spec/functions/member_spec.rb": "f82cacb72d59a306ffe262b2382c7f19",
  "spec/functions/merge_spec.rb": "48761dac5afc99bd381f76f88927cdb0",
  "spec/functions/min_spec.rb": "4e8d5f82ad27d8f5b8c3ae1595aa56a1",
  "spec/functions/num2bool_spec.rb": "fe3c3dbec9787622850175db510fe4f0",
  "spec/functions/parsejson_spec.rb": "70b494139e7289908b6adb36ea8f3bed",
  "spec/functions/parseyaml_spec.rb": "aace674f64e4629e6377276b307ea723",
  "spec/functions/pick_default_spec.rb": "9c8337fb7dd83df40d01c5977d62b4a7",
  "spec/functions/pick_spec.rb": "856384e60757e1d94ca3aef161be3d0a",
  "spec/functions/prefix_spec.rb": "5e6eb13f3f9834e975152812f22f2e99",
  "spec/functions/private_spec.rb": "689c5821596afd859de6312e8ffb1fea",
  "spec/functions/pw_hash_spec.rb": "d9bdce271d38ce6ec1d8258e807a7c67",
  "spec/functions/range_spec.rb": "4351efcda0bdf89d9fc4b533ab085e66",
  "spec/functions/regexpescape_spec.rb": "80a497405be58e82e849cfb3784dbfd1",
  "spec/functions/reject_spec.rb": "6b083c5d8519eb2af796150596e659de",
  "spec/functions/reverse_spec.rb": "8e778b9e11bd806e932c0313887e1998",
  "spec/functions/round_spec.rb": "9dbb5c89f9c4fc56588830acbf38e713",
  "spec/functions/rstrip_spec.rb": "c96cc66210bbd5fa4914ed9080e91fd5",
  "spec/functions/seeded_rand_spec.rb": "9ff38a91d988c51ef70149bb902e3a83",
  "spec/functions/seeded_rand_string_spec.rb": "3388ad5479b51a87a9ff1f7539ee11fb",
  "spec/functions/shell_escape_spec.rb": "513534e47818ce650b343985febedf9e",
  "spec/functions/shell_join_spec.rb": "d9861fe1324a239784873ee9eeadfe7c",
  "spec/functions/shell_split_spec.rb": "f6ab347d718d140ffdcccd0590c889d8",
  "spec/functions/shuffle_spec.rb": "3c775cb2fae13839f477cbec188eea1a",
  "spec/functions/size_spec.rb": "1d1d2a08934bd9c4e17f0eead2d2234d",
  "spec/functions/sort_spec.rb": "e63f4b92a90d5e9c7e541a41dc89df12",
  "spec/functions/sprintf_hash_spec.rb": "1b014e8c0a44b935ec0c045e275ad6b3",
  "spec/functions/squeeze_spec.rb": "3d01142c11d5e7e7e841c23e9a37e458",
  "spec/functions/str2bool_spec.rb": "d099ca74f02ac231f699e59d7a41bafb",
  "spec/functions/str2saltedsha512_spec.rb": "815dfb2f7c65f81769c117129e45bf85",
  "spec/functions/strftime_spec.rb": "7f57c8b5350e9bfd4eb0f414f9192778",
  "spec/functions/strip_spec.rb": "1212eef324f730400c8a62d9db95a22c",
  "spec/functions/suffix_spec.rb": "5e2834f3885002c9ff9ac20dd6333415",
  "spec/functions/swapcase_spec.rb": "d0dc69eda3fcdf043cc116ccb6ee3b28",
  "spec/functions/time_spec.rb": "eaf3f48601278bb250659b05022a2a44",
  "spec/functions/to_bytes_spec.rb": "dbc093a1a72429a0a67e784ecabc100a",
  "spec/functions/to_json_pretty_spec.rb": "42d902947a4afc3708846d3864a5f5a4",
  "spec/functions/to_json_spec.rb": "1e2d9917ddf37af4e241b89bd9e009e3",
  "spec/functions/to_yaml_spec.rb": "a688b94c1e900c436cf97db906c1f919",
  "spec/functions/try_get_value_spec.rb": "53ab2e553ae441821ad02be3c952a34a",
  "spec/functions/type3x_spec.rb": "9898ca5ab31f4fded1a5d38767e7e981",
  "spec/functions/type_of_spec.rb": "ecfeb9d47e54f5aae421f7855853d47a",
  "spec/functions/type_spec.rb": "1ab36b81d5472e5bf38b74ec2572695a",
  "spec/functions/union_spec.rb": "c3bf55649e068b810e72cbb5bfcf7cbb",
  "spec/functions/unique_spec.rb": "c596db252b2730fe4a603900110f3b03",
  "spec/functions/unix2dos_spec.rb": "77e6d0e7c703576924981038472c8e4e",
  "spec/functions/upcase_spec.rb": "363e49846e4ca0a3a6eca2c19e0f2c04",
  "spec/functions/uriescape_spec.rb": "b88f0575ba928b4f60635de6db77299c",
  "spec/functions/validate_absolute_path_spec.rb": "49c4f5715ef19506f7598e57a5452fdb",
  "spec/functions/validate_array_spec.rb": "814b2e7f39ed83d5ff0b822c32462a47",
  "spec/functions/validate_augeas_spec.rb": "4bf035ec4548a00d42f73643374d6f58",
  "spec/functions/validate_bool_spec.rb": "0c486955f041d86356d41f86ea0c6bd4",
  "spec/functions/validate_cmd_spec.rb": "179e570e9aec94c5dcaf337a6b431d20",
  "spec/functions/validate_domain_name_spec.rb": "611f3b301003d11a6a55e293dc3a8e5c",
  "spec/functions/validate_email_address_spec.rb": "8bac32b793f1e4264ae32df975d4d893",
  "spec/functions/validate_hash_spec.rb": "09e78289eac14bdc3389620a4dfc3c8d",
  "spec/functions/validate_integer_spec.rb": "a82914e1813c10b0ffa432ccf44ef781",
  "spec/functions/validate_ip_address_spec.rb": "fe5c58a23295a00c55637ee3dcb6470f",
  "spec/functions/validate_ipv4_address_spec.rb": "b8b6ff3ab6dc9360635f6b3a4d2aaaec",
  "spec/functions/validate_ipv6_address_spec.rb": "1ebc18a929b989eb4591260a75edb5de",
  "spec/functions/validate_legacy_spec.rb": "2d93df10c72ec5dde1e6618c02e78d40",
  "spec/functions/validate_numeric_spec.rb": "ace0a1f0d69c78ced85a02900e6d0f73",
  "spec/functions/validate_re_spec.rb": "19e0f2589d5a48559efa61cfe308ef1b",
  "spec/functions/validate_slength_spec.rb": "d3d7faf7aa86e9e6d0310f8ac78082f3",
  "spec/functions/validate_string_spec.rb": "7591075ba74d9d69145497ff0ba040ff",
  "spec/functions/validate_x509_rsa_key_pair_spec.rb": "5d3260fcd331122fc3fb056fe8da5acf",
  "spec/functions/values_at_spec.rb": "9b0d8851c3b1ef74dbbfcacd68c033ef",
  "spec/functions/values_spec.rb": "debbd0e2c93ddf45adfeae82caa2b50f",
  "spec/functions/zip_spec.rb": "da07c5877fe4318e53c215e981a2ee92",
  "spec/monkey_patches/alias_should_to_must.rb": "3455626d32375d114ee5622e19a1fa6c",
  "spec/monkey_patches/publicize_methods.rb": "d2ae9210754b0a4eae0d6bf33737fe90",
  "spec/spec_helper.rb": "4a36f24b9891142e2e09fdbd4a9263c7",
  "spec/spec_helper_acceptance.rb": "90ed03c8192a0711a4979af8c6bdc1f9",
  "spec/spec_helper_local.rb": "5644c5ce611a9e131cf37106e2a8b841",
  "spec/support/shared_data.rb": "dfe4cbdbe2833d670a89bcdf3163839b",
  "spec/type_aliases/absolute_path_spec.rb": "a03a9c6fe2e3e6fbb23cd62c263032c2",
  "spec/type_aliases/array_spec.rb": "5a7a5be96ccb1347a5a806ef436064e6",
  "spec/type_aliases/base32_spec.rb": "0468562ed8bffb61bd867b5880941c7a",
  "spec/type_aliases/base64_spec.rb": "bf479faed128ad00993a88ad390639e9",
  "spec/type_aliases/bool_spec.rb": "798d1fb0b43cdc7c560ba8b61fb742e6",
  "spec/type_aliases/compat__ip_address.rb": "7ee3a1f901e33a5a72632cd390629450",
  "spec/type_aliases/compat__ipv4_spec.rb": "d091b3dcd1fc3a30fe080d9b53a69014",
  "spec/type_aliases/compat__ipv6_spec.rb": "08005590462f404047995ec86a80e85c",
  "spec/type_aliases/filemode_spec.rb": "5a42362fc453ab543b8c7e44192e6756",
  "spec/type_aliases/filesource_spec.rb": "1cf7d8b0731a538d7072ca3d71844fcd",
  "spec/type_aliases/float_spec.rb": "e566885fdf22399a54450022bfbfd31a",
  "spec/type_aliases/fqdn_spec.rb": "21965142591e1fa04c057616caa168f4",
  "spec/type_aliases/hash_spec.rb": "1b8c49a76db8b5ef44f0f0a8e56c5eb3",
  "spec/type_aliases/host_spec.rb": "501b84bf281625804d830eb20daf46e3",
  "spec/type_aliases/httpsurl_spec.rb": "9b2e7d9fc1a0b804d213b1804b175467",
  "spec/type_aliases/httpurl_spec.rb": "e1063021f8c212933abd560a25cb98b8",
  "spec/type_aliases/integer_spec.rb": "8f66ae64602543d65e4b784527bf1463",
  "spec/type_aliases/ip_address_nosubnet_spec.rb": "9d196b9b9522a91ac2bc3a67ccd02d5f",
  "spec/type_aliases/ip_address_spec.rb": "ae9c24b0ee7d77b967b93ffb13fb67bb",
  "spec/type_aliases/ip_address_v4_nosubnet_spec.rb": "c30a31b7bcb92eed728be5fef7b45724",
  "spec/type_aliases/ip_address_v4_spec.rb": "0aacb3967d4ca3a7f8bc3a17e93f141f",
  "spec/type_aliases/ip_address_v6_alternative_spec.rb": "17da75c696f406ffbd4829a13828fcc5",
  "spec/type_aliases/ip_address_v6_compressed_spec.rb": "508f6e102bbc3c7af4bd24df5e640f40",
  "spec/type_aliases/ip_address_v6_full_spec.rb": "35ff79b1855e77ffff7c38599cfafaa2",
  "spec/type_aliases/ip_address_v6_nosubnet_alternative_spec.rb": "020fc117a134398818910b41a76094aa",
  "spec/type_aliases/ip_address_v6_nosubnet_compressed_spec.rb": "f97969e6cdae00e5a1ffbbd71ba7e08e",
  "spec/type_aliases/ip_address_v6_nosubnet_full_spec.rb": "c5fad1a8e5fee0cfac3ee9f1b5083804",
  "spec/type_aliases/ip_address_v6_spec.rb": "74a4c54bf8fffc4ebc3e33c12b085640",
  "spec/type_aliases/numeric_spec.rb": "06ae28964dfad6ca60ac59468c33104b",
  "spec/type_aliases/port__privileged_spec.rb": "531e8567e3251548324088e1cdac29d6",
  "spec/type_aliases/port__unprivileged_spec.rb": "ec5aa19f8bfb62307617c0e9b002475d",
  "spec/type_aliases/port_spec.rb": "6fff6e2cfc7b91e49b6dd169629f8a53",
  "spec/type_aliases/string_spec.rb": "458ac453f5870066824b6a11ec49f9ae",
  "spec/type_aliases/unixpath_spec.rb": "04e31be6626f96e605459b4ce8c94395",
  "spec/type_aliases/windowspath_spec.rb": "a1473316f1745fa3e20be83a2eb026c7",
  "spec/unit/facter/facter_dot_d_spec.rb": "01bd42a343214521b2dc340457f21e5d",
  "spec/unit/facter/package_provider_spec.rb": "ce3015059cc3b8db3a8129563d08cf40",
  "spec/unit/facter/pe_version_spec.rb": "241f88df9e96f622c51ce61ae60eb648",
  "spec/unit/facter/root_home_spec.rb": "18f770e2105fbcb634c1a0501f0d2778",
  "spec/unit/facter/service_provider_spec.rb": "19072e8955ba2f3ef64d452c574354c5",
  "spec/unit/facter/util/puppet_settings_spec.rb": "d956f15f98f9e0a74ab5c66e7763ab98",
  "spec/unit/puppet/parser/functions/enclose_ipv6_spec.rb": "c572341a1324a519b14ea6a6981f6a51",
  "spec/unit/puppet/parser/functions/is_absolute_path_spec.rb": "258f55b8c9563bad0aaa9e98df4d6fc6",
  "spec/unit/puppet/provider/file_line/ruby_spec.rb": "f5aca0856046c760832822816c44c705",
  "spec/unit/puppet/provider/file_line/ruby_spec_alter.rb": "afa3589fb59f743bb8c2242c294951b2",
  "spec/unit/puppet/provider/file_line/ruby_spec_use_cases.rb": "13d2c5198ca879f29d70ca230288b1e8",
  "spec/unit/puppet/type/anchor_spec.rb": "5f67ab4f4a0cfc40cd2fcdb3f148f026",
  "spec/unit/puppet/type/file_line_spec.rb": "92c3ac78210f730fc2135e012ded86bb",
  "types/absolutepath.pp": "3ae6f48dd95835df87c5dacea13c88d2",
  "types/base32.pp": "c1e7d9939641c49af90b07043a52112e",
  "types/base64.pp": "6e61a5c608ab2147fdf295f97b1052c9",
  "types/compat/absolute_path.pp": "c500d00e471fa7684abce8c67e2a0a3e",
  "types/compat/array.pp": "43c41022dd743d55c8e9e82ce3ed741c",
  "types/compat/bool.pp": "6e0cd7b2a7e1b9efaa0e273937211e58",
  "types/compat/float.pp": "fd134a0e0e1abd420cec2107780a7afa",
  "types/compat/hash.pp": "3535d98f0f3eaec44d443190f258e9ba",
  "types/compat/integer.pp": "d73ad743def0a4e754cbf2e82d5c6b5d",
  "types/compat/ip_address.pp": "d42c7435de30a469a71b69c45d642da7",
  "types/compat/ipv4.pp": "962713ea8483c01f2188f87fac1fefa8",
  "types/compat/ipv6.pp": "bc2c5d46bb49c5180c70c64a8a9ee6ea",
  "types/compat/numeric.pp": "b9543932cda152dfc2cb7fb554a307f7",
  "types/compat/re.pp": "70b05d4697e61f9af0c212ba063f395d",
  "types/compat/string.pp": "b9a179664c85e121aa0277021627d126",
  "types/ensure/service.pp": "efa28f903420bb9555910c27a9b810e8",
  "types/filemode.pp": "3645997b51880205b2272d44d8f04368",
  "types/filesource.pp": "ca652b33c6848e2a6231279fe7cc58d0",
  "types/fqdn.pp": "f6fb6bf625dab3bd0ab63a1ff7983fb8",
  "types/host.pp": "69260768a909759bdc31aeaae58d449e",
  "types/httpsurl.pp": "0355078bb141e257d019dced8d84c729",
  "types/httpurl.pp": "9928cc404a6d62ef9784ffe2488cfb66",
  "types/ip/address/nosubnet.pp": "e7c5a338634dfd0eea60cf36092f3fd8",
  "types/ip/address/v4/cidr.pp": "2f6f69e74d16f08f3e80e2ca3f3dd413",
  "types/ip/address/v4/nosubnet.pp": "9590ebd639bc47fd25288d32dee5405d",
  "types/ip/address/v4.pp": "18165fd02c81c08dff234f83d50662a0",
  "types/ip/address/v6/alternative.pp": "9e82ba1516dc28cab9707066780ca512",
  "types/ip/address/v6/compressed.pp": "f4d8102d586347ba093a2793271460c5",
  "types/ip/address/v6/full.pp": "0492b9081ca01bfff8a3d3f07df5c41c",
  "types/ip/address/v6/nosubnet/alternative.pp": "b9a6cd5a4c2a2e8013022fd4cfd11a3e",
  "types/ip/address/v6/nosubnet/compressed.pp": "ca2f53bcc3f659d994a6e0d3fe17861e",
  "types/ip/address/v6/nosubnet/full.pp": "5fa0bb70ed3e72ac52738ba182f22c1c",
  "types/ip/address/v6/nosubnet.pp": "612651452cd225ade84fe31750d02903",
  "types/ip/address/v6.pp": "1f3c0aa34dbc083d26f135246c8576eb",
  "types/ip/address.pp": "9929a758afc9469acbcff0c2050bb0ab",
  "types/mac.pp": "b6b9a7148111578052bdb34e7ef0ce19",
  "types/port/privileged.pp": "c4ce776dd07a3c8dd3379db8cd49e32a",
  "types/port/unprivileged.pp": "85359128fa9261fe8bf58c8525574404",
  "types/port.pp": "b1edd08c4eff860b3ea8bd84cd48ba81",
  "types/unixpath.pp": "b64a48701e7adfda45d31fd80bee4ad0",
  "types/windowspath.pp": "4c1eda331ecb43de98c29ed22d0ad448"
}