{
  "CHANGELOG.md": "0c55ccf27dbfdca1f5f4c77f0728c422",
  "CONTRIBUTING.md": "4d17f3c942e7c93d1577cc4438a231e4",
  "Gemfile": "d75d6c575955d9518eb0915d1848edfc",
  "LICENSE": "3b83ef96387f14655fc854ddc3c6bd57",
  "MAINTAINERS.md": "601b5502368255945a0ec51758d24d72",
  "NOTICE": "d8696846ced56eb64cd473c23a68bf64",
  "README.markdown": "988350f18043db4ff431f903ce7d14da",
  "Rakefile": "146ded3dc18c12c92109b791e164cd75",
  "appveyor.yml": "4f90ce810ff94e4bbefc4bfaa00e05a3",
  "examples/ini_setting.pp": "9c8a9d2c453901cedb106cada253f1f6",
  "examples/ini_subsetting.pp": "16ef08c1534754b47120e58fa9e2f068",
  "lib/puppet/parser/functions/create_ini_settings.rb": "ca8352ebba5d87f3e78afcfc18dcc4ef",
  "lib/puppet/provider/ini_setting/ruby.rb": "5c36c1173bb15ebf8ec03190834a7aa2",
  "lib/puppet/provider/ini_subsetting/ruby.rb": "d7ffb252b4d81ecd417ec7d5380c32e7",
  "lib/puppet/type/ini_setting.rb": "cc3c75a942671252f603b30a89fa2d3b",
  "lib/puppet/type/ini_subsetting.rb": "3c0c4a76d242c1030e96609fce75f981",
  "lib/puppet/util/external_iterator.rb": "aeeaae87574c2d2b895a186b3b03b67c",
  "lib/puppet/util/ini_file/section.rb": "28eecbff12038405b868ebc5763e87a6",
  "lib/puppet/util/ini_file.rb": "c36bab2590dc834d90fdaa12209e32bf",
  "lib/puppet/util/setting_value.rb": "13ffa9f47a8aa6d0d26f9dfd4f717d49",
  "locales/config.yaml": "2689a5a8fc3c80d049cddc4197ea7b3a",
  "metadata.json": "19119e18a2870c8830535c3a1163a163",
  "spec/acceptance/ini_setting_spec.rb": "4429f00781ccdc709bf3393f8c344e63",
  "spec/acceptance/ini_subsetting_spec.rb": "32f164bb7e210e074c2388a4fe7de1c4",
  "spec/acceptance/nodesets/centos-7-x64.yml": "a713f3abd3657f0ae2878829badd23cd",
  "spec/acceptance/nodesets/debian-8-x64.yml": "d2d2977900989f30086ad251a14a1f39",
  "spec/acceptance/nodesets/default.yml": "b42da5a1ea0c964567ba7495574b8808",
  "spec/acceptance/nodesets/docker/centos-7.yml": "8a3892807bdd62306ae4774f41ba11ae",
  "spec/acceptance/nodesets/docker/debian-8.yml": "ac8e871d1068c96de5e85a89daaec6df",
  "spec/acceptance/nodesets/docker/ubuntu-14.04.yml": "dc42ee922a96908d85b8f0f08203ce58",
  "spec/classes/create_ini_settings_test_spec.rb": "bc5d3eb29dd05af9380e0e7082514e73",
  "spec/classes/create_multiple_ini_settings_spec.rb": "0b71592f15f249c95d70c8be6ffb11da",
  "spec/classes/inherit_test1_spec.rb": "a19362ce956087ba0abdbae7a28b99d6",
  "spec/default_facts.yml": "4de3cb611af6981a6d22bc77d7dd6f6f",
  "spec/fixtures/create_ini_settings_test/manifests/init.pp": "24dfde4e5e727c491d7388445369ca3d",
  "spec/fixtures/create_multiple_ini_settings/manifests/init.pp": "14be9a3873627bafe4d4cb022b395715",
  "spec/fixtures/inherit_ini_setting/lib/puppet/provider/inherit_ini_setting/ini_setting.rb": "16cdab9b4d6cfa8f4013ed7ea6420c3c",
  "spec/fixtures/inherit_ini_setting/lib/puppet/type/inherit_ini_setting.rb": "ec08c7a0a841f929c5b698d468b052be",
  "spec/fixtures/inherit_test1/manifests/init.pp": "55bb7494f2a13139e1f610c234222d84",
  "spec/functions/create_ini_settings_spec.rb": "f88c156503aa026e843ce08b81a72bc1",
  "spec/spec_helper.rb": "4a36f24b9891142e2e09fdbd4a9263c7",
  "spec/spec_helper_acceptance.rb": "040556dac7a8802e52c34997bfd955a0",
  "spec/spec_helper_local.rb": "76b869c1f6c144f1defea8239c53d1aa",
  "spec/unit/puppet/provider/ini_setting/inheritance_spec.rb": "b086b18813722abb309c0d5c43902ce7",
  "spec/unit/puppet/provider/ini_setting/ruby_spec.rb": "af8d6f90c4ed97874a5651ad60898f7d",
  "spec/unit/puppet/provider/ini_subsetting/ruby_spec.rb": "ded5c4b44044aefef2ec344ce7fcab41",
  "spec/unit/puppet/type/ini_setting_spec.rb": "644097704f8418d8d32b81feb57c55a4",
  "spec/unit/puppet/type/ini_subetting_spec.rb": "f1f166b14cc352563225197d645dc2ef",
  "spec/unit/puppet/util/external_iterator_spec.rb": "9e35a3306a3276862975ee30bd69c7f2",
  "spec/unit/puppet/util/ini_file_spec.rb": "52e015621a8c97c0a3444568876415b1",
  "spec/unit/puppet/util/setting_value_spec.rb": "b92633de5968905743dd7fa964162c2a"
}