{
  "name": "puppetlabs-inifile",
  "version": "2.3.0",
  "author": "Puppet Labs",
  "summary": "Resource types for managing settings in INI files",
  "license": "Apache-2.0",
  "source": "https://github.com/puppetlabs/puppetlabs-inifile",
  "project_page": "https://github.com/puppetlabs/puppetlabs-inifile",
  "issues_url": "https://tickets.puppetlabs.com/browse/MODULES",
  "dependencies": [
  
  ],
  "data_provider": null,
  "operatingsystem_support": [
    {
      "operatingsystem": "RedHat",
      "operatingsystemrelease": [
        "5",
        "6",
        "7"
      ]
    },
    {
      "operatingsystem": "CentOS",
      "operatingsystemrelease": [
        "5",
        "6",
        "7"
      ]
    },
    {
      "operatingsystem": "OracleLinux",
      "operatingsystemrelease": [
        "5",
        "6",
        "7"
      ]
    },
    {
      "operatingsystem": "Scientific",
      "operatingsystemrelease": [
        "6",
        "7"
      ]
    },
    {
      "operatingsystem": "SLES",
      "operatingsystemrelease": [
        "11 SP1",
        "12"
      ]
    },
    {
      "operatingsystem": "Debian",
      "operatingsystemrelease": [
        "8",
        "9"
      ]
    },
    {
      "operatingsystem": "Ubuntu",
      "operatingsystemrelease": [
        "14.04",
        "16.04"
      ]
    },
    {
      "operatingsystem": "Solaris",
      "operatingsystemrelease": [
        "10",
        "11"
      ]
    },
    {
      "operatingsystem": "Windows",
      "operatingsystemrelease": [
        "Server 2008 R2",
        "Server 2012",
        "Server 2012 R2"
      ]
    },
    {
      "operatingsystem": "AIX",
      "operatingsystemrelease": [
        "5.3",
        "6.1",
        "7.1"
      ]
    }
  ],
  "requirements": [
    {
      "name": "puppet",
      "version_requirement": ">= 4.7.0 < 6.0.0"
    }
  ],
  "template-url": "https://github.com/puppetlabs/pdk-templates",
  "template-ref": "heads/master-0-g34e3266",
  "pdk-version": "1.5.0"
}
